Datetime,Water Level (m)
2025-05-03 12:00:00,0.583553
2025-05-03 13:00:00,0.31428123
2025-05-03 14:00:00,0.06754501
2025-05-03 15:00:00,-0.13092053
2025-05-03 16:00:00,-0.2961393
2025-05-03 17:00:00,-0.42623386
2025-05-03 18:00:00,-0.4954874
2025-05-03 19:00:00,-0.41614485
2025-05-03 20:00:00,-0.1338434
2025-05-03 21:00:00,0.12908952
2025-05-03 22:00:00,0.30538785
2025-05-03 23:00:00,0.3544199
2025-05-04 00:00:00,0.26445892
2025-05-04 01:00:00,0.08630891
2025-05-04 02:00:00,-0.105734676
2025-05-04 03:00:00,-0.2708716
2025-05-04 04:00:00,-0.4076505
2025-05-04 05:00:00,-0.49842805
2025-05-04 06:00:00,-0.5059447
2025-05-04 07:00:00,-0.3205525
2025-05-04 08:00:00,-0.012464441
2025-05-04 09:00:00,0.2865234
2025-05-04 10:00:00,0.5162803
2025-05-04 11:00:00,0.63125324
2025-05-04 12:00:00,0.60624534
2025-05-04 13:00:00,0.4697832
2025-05-04 14:00:00,0.27365538
2025-05-04 15:00:00,0.075296566
2025-05-04 16:00:00,-0.09502606
2025-05-04 17:00:00,-0.23931548
2025-05-04 18:00:00,-0.35805234
2025-05-04 19:00:00,-0.42992553
2025-05-04 20:00:00,-0.40538266
2025-05-04 21:00:00,-0.21919517
2025-05-04 22:00:00,0.010739886
2025-05-04 23:00:00,0.17833717
2025-05-05 00:00:00,0.2516598
2025-05-05 01:00:00,0.24721073
2025-05-05 02:00:00,0.15043847
2025-05-05 03:00:00,-0.0017747344
2025-05-05 04:00:00,-0.15631072
2025-05-05 05:00:00,-0.2869229
2025-05-05 06:00:00,-0.38060623
2025-05-05 07:00:00,-0.40496415
2025-05-05 08:00:00,-0.2974295
2025-05-05 09:00:00,-0.045220207
2025-05-05 10:00:00,0.2276899
2025-05-05 11:00:00,0.44351178
2025-05-05 12:00:00,0.5627768
2025-05-05 13:00:00,0.5701745
2025-05-05 14:00:00,0.47758815
2025-05-05 15:00:00,0.31658408
2025-05-05 16:00:00,0.12636451
2025-05-05 17:00:00,-0.050235696
2025-05-05 18:00:00,-0.20090784
2025-05-05 19:00:00,-0.32739916
2025-05-05 20:00:00,-0.4124688
2025-05-05 21:00:00,-0.4158655
2025-05-05 22:00:00,-0.27268863
2025-05-05 23:00:00,-0.027424855
2025-05-06 00:00:00,0.18680193
2025-05-06 01:00:00,0.32532018
2025-05-06 02:00:00,0.36984345
2025-05-06 03:00:00,0.29928422
2025-05-06 04:00:00,0.14086893
2025-05-06 05:00:00,-0.04268775
2025-05-06 06:00:00,-0.19843404
2025-05-06 07:00:00,-0.31371218
2025-05-06 08:00:00,-0.36814746
2025-05-06 09:00:00,-0.32177913
2025-05-06 10:00:00,-0.12964502
2025-05-06 11:00:00,0.13468961
2025-05-06 12:00:00,0.3691836
2025-05-06 13:00:00,0.5199127
2025-05-06 14:00:00,0.5735224
2025-05-06 15:00:00,0.5267875
2025-05-06 16:00:00,0.377441
2025-05-06 17:00:00,0.16280355
2025-05-06 18:00:00,-0.05122537
2025-05-06 19:00:00,-0.23756206
2025-05-06 20:00:00,-0.38701415
2025-05-06 21:00:00,-0.4871253
2025-05-06 22:00:00,-0.49252304
2025-05-06 23:00:00,-0.2943235
2025-05-07 00:00:00,-0.0061478824
2025-05-07 01:00:00,0.2464551
2025-05-07 02:00:00,0.40412536
2025-05-07 03:00:00,0.46074098
2025-05-07 04:00:00,0.41153523
2025-05-07 05:00:00,0.258911
2025-05-07 06:00:00,0.06302765
2025-05-07 07:00:00,-0.11229999
2025-05-07 08:00:00,-0.25579852
2025-05-07 09:00:00,-0.3577209
2025-05-07 10:00:00,-0.3763054
2025-05-07 11:00:00,-0.21488036
2025-05-07 12:00:00,0.08542451
2025-05-07 13:00:00,0.36591774
2025-05-07 14:00:00,0.56094134
2025-05-07 15:00:00,0.64272213
2025-05-07 16:00:00,0.59073883
2025-05-07 17:00:00,0.42429626
2025-05-07 18:00:00,0.19582278
2025-05-07 19:00:00,-0.024345996
2025-05-07 20:00:00,-0.21670467
2025-05-07 21:00:00,-0.37699097
2025-05-07 22:00:00,-0.49018782
2025-05-07 23:00:00,-0.48758438
2025-05-08 00:00:00,-0.22810929
2025-05-08 01:00:00,0.10844511
2025-05-08 02:00:00,0.3936338
2025-05-08 03:00:00,0.57442373
2025-05-08 04:00:00,0.63535726
2025-05-08 05:00:00,0.54561067
2025-05-08 06:00:00,0.34580123
2025-05-08 07:00:00,0.11452215
2025-05-08 08:00:00,-0.08393115
2025-05-08 09:00:00,-0.24623916
2025-05-08 10:00:00,-0.37066466
2025-05-08 11:00:00,-0.4103692
2025-05-08 12:00:00,-0.2182754
2025-05-08 13:00:00,0.12823857
2025-05-08 14:00:00,0.43575093
2025-05-08 15:00:00,0.6383688
2025-05-08 16:00:00,0.7074327
2025-05-08 17:00:00,0.6066396
2025-05-08 18:00:00,0.37737417
2025-05-08 19:00:00,0.116592586
2025-05-08 20:00:00,-0.10574171
2025-05-08 21:00:00,-0.2983086
2025-05-08 22:00:00,-0.46112803
2025-05-08 23:00:00,-0.575759
2025-05-09 00:00:00,-0.52598315
2025-05-09 01:00:00,-0.16272923
2025-05-09 02:00:00,0.24806806
2025-05-09 03:00:00,0.5392219
2025-05-09 04:00:00,0.7328255
2025-05-09 05:00:00,0.76784176
2025-05-09 06:00:00,0.6100704
2025-05-09 07:00:00,0.351
2025-05-09 08:00:00,0.09434592
2025-05-09 09:00:00,-0.116358794
2025-05-09 10:00:00,-0.29309753
2025-05-09 11:00:00,-0.4282386
2025-05-09 12:00:00,-0.46188343
